iter	MultiClass
0	1.033895505
1	0.9842992391
2	0.9421044053
3	0.9085810212
4	0.8810705348
5	0.858459385
6	0.8394746363
7	0.821926003
8	0.807492628
9	0.7945699489
